{
    "mode": "loo",
    "true_scores": [
        0.7848658561706543,
        0.49243614077568054,
        0.7018834352493286,
        0.618883490562439,
        0.594368577003479,
        0.6636808514595032,
        0.6235540509223938,
        0.713661789894104,
        0.7415809631347656,
        0.7010921835899353,
        0.6853818893432617,
        0.6664543747901917,
        0.5200427770614624,
        0.7417470812797546,
        0.5802001953125,
        0.7217046618461609,
        0.7229529023170471,
        0.5409063100814819,
        0.6258512735366821,
        0.704712450504303,
        0.5658121109008789,
        0.6118879914283752,
        0.7641435861587524,
        0.7080271244049072,
        0.7717989683151245,
        0.8065733909606934,
        0.6315639615058899,
        0.6416239738464355,
        0.7523369789123535,
        0.7058315873146057,
        0.747818112373352,
        0.6288790702819824,
        0.7314329147338867,
        0.826988935470581,
        0.8338196277618408,
        0.6934405565261841,
        0.743300199508667,
        0.4797245264053345,
        0.6141103506088257,
        0.7130944728851318,
        0.7520260810852051,
        0.7097489833831787,
        0.7375495433807373,
        0.6026043891906738,
        0.8659425973892212,
        0.7663975358009338,
        0.6797964572906494,
        0.8526579737663269
    ],
    "random_scores": [
        0.590494692325592,
        0.3835397958755493,
        0.5499759912490845,
        0.5536611080169678,
        0.5415101051330566,
        0.343633770942688,
        0.5063867568969727,
        0.43149352073669434,
        0.41634416580200195,
        0.5932739973068237,
        0.5127325057983398,
        0.5878704190254211,
        0.4426869750022888,
        0.387337327003479,
        0.4820917248725891,
        0.4649328887462616,
        0.5109156370162964,
        0.5433912873268127,
        0.5627957582473755,
        0.3982003331184387,
        0.535377562046051,
        0.3871530294418335,
        0.43349432945251465,
        0.42793357372283936,
        0.5038139224052429,
        0.6005280017852783,
        0.5075104236602783,
        0.498665452003479,
        0.4012422263622284,
        0.5977908372879028,
        0.4672262668609619,
        0.3766821324825287,
        0.571941614151001,
        0.31273865699768066,
        0.4081343710422516,
        0.40386176109313965,
        0.4386867880821228,
        0.3970858156681061,
        0.5214051008224487,
        0.5699775815010071,
        0.7834413051605225,
        0.5367499589920044,
        0.3865882456302643,
        0.5936449766159058,
        0.6913490891456604,
        0.45373955368995667,
        0.5829648375511169,
        0.4880390763282776
    ],
    "mean_true": 0.6892685890197754,
    "mean_random": 0.49335490105052787,
    "cohens_d": 1.5922073270375152,
    "t_stat": 11.031135946449648,
    "p_val": 1.2276763281969208e-14
}