{
    "mode": "kfold",
    "true_scores": [
        0.604621946811676,
        0.5410637259483337,
        0.7431815266609192,
        0.7936630249023438,
        0.8194870948791504,
        0.6635847687721252,
        0.6685251593589783,
        0.4790729880332947,
        0.7490640878677368,
        0.6324539184570312,
        0.6110181212425232,
        0.6400542855262756,
        0.7486839294433594,
        0.7140679955482483,
        0.7364853620529175,
        0.6970120072364807,
        0.5344035625457764,
        0.8384336233139038,
        0.7235653400421143,
        0.7696528434753418,
        0.7902696132659912,
        0.6827281713485718,
        0.6485962271690369,
        0.7291942834854126,
        0.6939038634300232,
        0.7891595959663391,
        0.6734422445297241,
        0.7470786571502686,
        0.8455213904380798,
        0.6846696734428406,
        0.4980550706386566,
        0.7147560119628906,
        0.6879924535751343,
        0.5968551635742188,
        0.7373542785644531,
        0.7126501202583313,
        0.7582123875617981,
        0.7418990731239319,
        0.8758758306503296,
        0.7070563435554504,
        0.5724557042121887,
        0.612837016582489,
        0.5527955293655396,
        0.7209776043891907,
        0.7595451474189758,
        0.621907114982605,
        0.7455424070358276,
        0.8600202798843384
    ],
    "random_scores": [
        0.47569695115089417,
        0.453736811876297,
        0.6391233801841736,
        0.6036810278892517,
        0.4735131561756134,
        0.6090806722640991,
        0.6685251593589783,
        0.3794296681880951,
        0.38982006907463074,
        0.6466037034988403,
        0.543362021446228,
        0.5658407211303711,
        0.7486839294433594,
        0.7140679955482483,
        0.6769951581954956,
        0.3996032476425171,
        0.6191133856773376,
        0.49560025334358215,
        0.5180050134658813,
        0.584216833114624,
        0.359083890914917,
        0.5961652994155884,
        0.3807370662689209,
        0.5464591383934021,
        0.6604843735694885,
        0.4870706796646118,
        0.6734422445297241,
        0.3877145051956177,
        0.5390415191650391,
        0.4840218424797058,
        0.36873680353164673,
        0.3837796449661255,
        0.49220168590545654,
        0.5968551635742188,
        0.28703323006629944,
        0.5016135573387146,
        0.4827945828437805,
        0.42985519766807556,
        0.6382355093955994,
        0.478659063577652,
        0.48162585496902466,
        0.4591422379016876,
        0.567211389541626,
        0.7209776043891907,
        0.45434847474098206,
        0.4936560094356537,
        0.5768353343009949,
        0.5132300853729248
    ],
    "mean_true": 0.6972801089286804,
    "mean_random": 0.5259522795677185,
    "cohens_d": 1.26220703125,
    "t_stat": 8.744827270507812,
    "p_val": 2.017257368092107e-11
}