{
  "mean_margin": {
    "base": 0.04007455334067345,
    "dapt": 0.028340457007288933,
    "aligned": 0.2923349440097809
  },
  "t_tests_margin": {
    "base_vs_dapt": [
      2.8602943420410156,
      0.006295729428529739
    ],
    "dapt_vs_aligned": [
      -13.85758113861084,
      3.232488657778611e-18
    ],
    "base_vs_aligned": [
      -12.378034591674805,
      2.128582149747032e-16
    ]
  },
  "effect_sizes_margin": {
    "base_vs_dapt": 0.41284793615341187,
    "dapt_vs_aligned": -2.000169515609741,
    "base_vs_aligned": -1.7866153717041016
  }
}